Hospital,Department,Day,Time,Patients,DoctorsAvailable,EmergencyCases,Holiday,WaitTime
Apollo,Dermatology,Friday,12,44,9,0,No,5.0
Care,Dermatology,Saturday,15,79,6,1,No,55.28
Apollo,Neurology,Saturday,15,41,9,4,No,32.36
AIIMS,Neurology,Monday,17,83,3,5,No,85.66
Apollo,Neurology,Thursday,17,68,8,6,No,59.79
Apollo,Orthopedics,Tuesday,16,69,10,6,Yes,52.42
Yashoda,Cardiology,Monday,13,80,2,4,No,76.68
Apollo,Orthopedics,Friday,18,44,2,7,No,66.3
Yashoda,Neurology,Thursday,16,85,4,8,No,83.22
AIIMS,Neurology,Tuesday,16,1,8,7,No,7.83
AIIMS,Dermatology,Thursday,13,51,6,0,No,23.49
Apollo,Dermatology,Thursday,17,57,1,6,No,71.17
Apollo,Orthopedics,Saturday,11,61,1,3,No,70.66
AIIMS,Neurology,Saturday,8,24,9,0,No,12.89
AIIMS,Dermatology,Monday,14,51,8,8,No,50.1
Care,Cardiology,Tuesday,11,3,2,0,No,25.69
Care,General,Sunday,13,94,2,4,No,79.99
Care,Cardiology,Wednesday,15,64,7,3,No,39.07
AIIMS,Neurology,Wednesday,17,50,7,4,Yes,57.92
AIIMS,Cardiology,Saturday,16,45,8,2,No,33.2
Apollo,Orthopedics,Friday,10,73,4,7,No,67.73
Care,General,Saturday,13,72,7,3,No,58.65
Apollo,Dermatology,Friday,8,76,5,7,No,66.7
Apollo,Dermatology,Tuesday,15,11,2,5,No,22.09
Yashoda,Orthopedics,Thursday,11,62,6,2,Yes,56.96
Apollo,Orthopedics,Saturday,8,9,3,4,No,30.55
Apollo,Orthopedics,Thursday,13,81,3,8,No,75.86
AIIMS,Cardiology,Monday,12,83,1,8,No,92.58
AIIMS,General,Friday,15,12,3,2,No,21.59
Care,Cardiology,Monday,14,92,10,2,No,51.81
Care,Cardiology,Wednesday,17,47,9,8,Yes,62.96
AIIMS,Dermatology,Thursday,17,26,10,8,No,25.45
AIIMS,Orthopedics,Sunday,18,16,9,0,No,8.63
Care,General,Thursday,13,32,1,6,No,54.27
Yashoda,General,Saturday,16,38,3,0,No,43.91
Yashoda,General,Saturday,17,16,8,1,No,9.68
AIIMS,Cardiology,Sunday,16,33,10,4,No,24.95
Care,General,Tuesday,11,14,1,6,No,44.34
Yashoda,Dermatology,Saturday,14,42,2,7,No,51.71
Yashoda,Neurology,Monday,12,13,6,8,No,34.22
Apollo,Orthopedics,Thursday,15,32,10,4,Yes,25.52
AIIMS,Orthopedics,Thursday,9,64,9,0,No,31.12
Apollo,Neurology,Tuesday,14,19,10,6,No,11.03
Yashoda,Neurology,Monday,15,11,3,7,No,31.08
AIIMS,Orthopedics,Saturday,14,94,9,6,No,65.4
Care,General,Friday,18,87,3,4,No,71.4
Yashoda,Dermatology,Saturday,16,96,2,7,No,93.53
Apollo,General,Saturday,11,32,10,1,Yes,30.71
Apollo,Cardiology,Friday,9,46,2,4,No,53.88
Apollo,Neurology,Monday,12,60,6,6,No,59.36
Yashoda,Orthopedics,Saturday,17,80,9,4,No,75.77
Apollo,Cardiology,Tuesday,15,58,10,3,No,25.5
Apollo,Neurology,Monday,8,41,10,6,No,34.89
Apollo,Cardiology,Sunday,11,81,6,7,No,76.86
Care,General,Saturday,13,33,6,8,No,42.08
Yashoda,Dermatology,Friday,10,27,1,1,No,39.78
Care,Cardiology,Wednesday,12,51,4,6,No,50.36
AIIMS,Cardiology,Wednesday,16,95,7,8,No,86.29
AIIMS,Orthopedics,Sunday,17,49,7,1,No,39.31
Yashoda,General,Wednesday,9,74,1,1,No,61.33
Yashoda,Dermatology,Friday,9,63,8,5,Yes,52.83
Apollo,Neurology,Sunday,9,81,5,5,No,64.73
Yashoda,Neurology,Monday,10,73,6,0,No,55.2
Apollo,General,Thursday,8,58,5,4,No,45.62
Yashoda,Dermatology,Thursday,13,24,6,1,No,5.0
Yashoda,Dermatology,Monday,13,66,8,3,No,46.69
Care,Cardiology,Saturday,17,82,8,5,No,70.2
AIIMS,Cardiology,Tuesday,18,15,1,8,No,56.97
Apollo,Dermatology,Tuesday,14,95,10,3,No,47.06
Yashoda,Dermatology,Sunday,8,72,9,8,No,65.18
Yashoda,Dermatology,Monday,9,48,6,0,No,36.51
Care,Dermatology,Saturday,12,30,10,4,No,17.6
Care,Neurology,Saturday,16,55,2,3,No,58.24
Yashoda,Dermatology,Saturday,8,11,7,8,No,26.01
Care,General,Friday,17,87,1,2,No,80.02
Apollo,Neurology,Tuesday,8,92,3,5,No,79.05
Apollo,General,Saturday,14,99,9,8,No,69.89
Apollo,Dermatology,Saturday,18,93,2,6,No,98.9
AIIMS,General,Thursday,10,12,2,6,No,42.5
Care,General,Saturday,12,16,9,6,No,15.63
Apollo,Dermatology,Thursday,18,75,7,4,No,56.57
Apollo,Cardiology,Sunday,13,71,5,1,No,49.55
AIIMS,Neurology,Friday,13,55,8,2,No,36.91
Care,Cardiology,Sunday,13,31,5,5,No,37.56
AIIMS,Neurology,Tuesday,9,47,6,6,No,57.92
AIIMS,Neurology,Monday,18,28,1,2,No,55.13
AIIMS,Dermatology,Sunday,12,16,5,7,No,24.73
Apollo,Neurology,Monday,11,42,5,4,No,46.53
AIIMS,Orthopedics,Friday,15,55,7,5,No,42.8
Care,Cardiology,Thursday,10,44,6,5,No,50.1
Yashoda,Dermatology,Thursday,17,13,10,7,No,12.06
Care,Cardiology,Wednesday,13,84,4,4,No,74.01
Yashoda,Neurology,Saturday,8,8,3,5,No,39.24
AIIMS,General,Saturday,17,2,5,7,No,40.46
Care,General,Tuesday,14,67,2,4,Yes,85.84
AIIMS,Orthopedics,Saturday,12,32,8,6,No,33.15
Yashoda,Dermatology,Wednesday,8,68,3,6,No,60.02
Care,Orthopedics,Saturday,18,99,10,5,No,78.56
Care,General,Thursday,12,85,4,2,No,62.19
Apollo,Orthopedics,Thursday,18,16,4,1,Yes,37.68
Care,Cardiology,Tuesday,11,20,5,8,No,41.57
Care,Cardiology,Tuesday,17,85,9,5,No,63.23
Yashoda,Dermatology,Friday,8,73,4,6,No,65.19
Care,Cardiology,Thursday,13,77,7,7,No,63.0
AIIMS,Orthopedics,Monday,17,39,4,5,No,52.04
AIIMS,General,Wednesday,18,92,7,5,No,76.94
AIIMS,General,Tuesday,8,61,10,6,No,31.78
AIIMS,Orthopedics,Monday,12,28,2,6,No,44.69
Yashoda,Dermatology,Sunday,13,99,8,5,No,59.7
Yashoda,Dermatology,Saturday,13,87,1,1,No,67.46
Care,Orthopedics,Sunday,15,42,10,0,No,22.15
Yashoda,Neurology,Saturday,15,35,1,1,No,44.98
Yashoda,Orthopedics,Sunday,18,86,5,2,No,67.33
Yashoda,Dermatology,Monday,10,56,6,7,Yes,76.63
Apollo,General,Monday,12,96,1,3,No,77.2
Apollo,Dermatology,Saturday,8,87,8,6,No,62.95
Yashoda,Cardiology,Monday,14,24,9,3,No,17.18
Apollo,Orthopedics,Monday,16,41,7,8,No,40.72
AIIMS,Neurology,Thursday,11,78,9,8,No,67.71
AIIMS,General,Tuesday,14,89,9,1,No,48.8
AIIMS,Dermatology,Wednesday,16,54,10,5,No,29.27
AIIMS,General,Friday,10,100,9,6,No,74.32
AIIMS,Neurology,Tuesday,13,35,2,0,No,40.04
AIIMS,Orthopedics,Monday,11,46,10,5,No,39.4
Yashoda,Neurology,Sunday,16,51,6,8,No,47.89
AIIMS,Orthopedics,Wednesday,17,91,4,4,No,84.94
Care,Dermatology,Monday,11,86,3,2,No,86.73
AIIMS,General,Thursday,10,80,6,7,No,76.83
Yashoda,Neurology,Friday,15,26,9,6,No,21.22
Yashoda,General,Thursday,11,11,5,5,Yes,41.39
Yashoda,Orthopedics,Monday,8,94,10,6,No,53.88
Apollo,Orthopedics,Monday,18,46,3,4,No,57.19
Yashoda,General,Friday,12,78,1,8,No,86.45
Care,Orthopedics,Wednesday,10,42,2,0,No,39.26
Apollo,General,Monday,13,28,5,0,No,19.11
AIIMS,Orthopedics,Saturday,13,27,3,2,No,29.76
Yashoda,Dermatology,Wednesday,10,75,4,2,No,55.1
Yashoda,Neurology,Friday,10,16,7,0,No,16.21
Apollo,General,Sunday,10,82,1,1,No,79.25
Apollo,General,Thursday,10,60,7,7,No,59.65
Care,Dermatology,Thursday,9,90,8,8,No,63.5
Yashoda,Orthopedics,Thursday,18,61,10,8,No,47.82
Apollo,Cardiology,Thursday,16,12,7,2,No,13.44
Apollo,Neurology,Monday,17,3,8,3,No,11.78
Care,Dermatology,Saturday,15,31,8,7,No,37.47
AIIMS,Cardiology,Monday,16,15,7,6,No,30.7
Apollo,Neurology,Tuesday,8,93,1,4,No,84.22
Yashoda,Orthopedics,Sunday,9,89,5,4,No,69.72
Care,General,Thursday,14,14,3,3,No,22.27
Care,General,Friday,9,24,9,7,No,15.85
Apollo,Orthopedics,Thursday,12,76,7,4,No,51.16
Care,Dermatology,Sunday,9,42,10,4,No,16.95
AIIMS,Orthopedics,Wednesday,12,94,1,6,No,92.4
Yashoda,Orthopedics,Tuesday,11,97,3,1,No,73.13
AIIMS,Orthopedics,Sunday,16,65,9,5,No,52.17
AIIMS,Dermatology,Saturday,13,79,10,5,No,48.58
Care,Neurology,Sunday,16,51,1,0,No,48.64
Apollo,Cardiology,Sunday,18,38,9,6,No,39.72
Care,Cardiology,Wednesday,14,58,6,3,No,43.45
AIIMS,Orthopedics,Thursday,8,20,4,3,No,27.37
AIIMS,General,Wednesday,15,5,4,0,No,5.0
Yashoda,Orthopedics,Saturday,14,89,4,2,No,64.67
AIIMS,Orthopedics,Monday,13,46,3,1,No,49.94
Apollo,Cardiology,Friday,15,50,9,0,No,20.2
AIIMS,Dermatology,Wednesday,17,78,10,0,Yes,44.5
Yashoda,Orthopedics,Monday,12,14,10,2,No,5.0
Yashoda,Neurology,Saturday,14,41,6,4,No,40.86
Apollo,General,Saturday,12,59,6,6,No,45.3
Yashoda,Orthopedics,Monday,16,4,8,0,Yes,22.38
Apollo,Cardiology,Sunday,15,11,4,2,No,17.26
Care,Orthopedics,Monday,12,19,3,7,No,50.96
Care,Orthopedics,Thursday,15,25,4,2,No,21.36
Apollo,Neurology,Monday,16,33,6,2,No,32.13
AIIMS,Neurology,Thursday,11,14,4,1,Yes,45.01
Yashoda,Neurology,Tuesday,9,38,6,8,No,51.06
Apollo,Cardiology,Monday,9,92,1,2,No,90.14
Yashoda,Orthopedics,Thursday,13,67,2,7,No,54.6
Yashoda,Cardiology,Thursday,17,16,9,8,No,27.26
Yashoda,Cardiology,Monday,16,66,7,0,No,52.9
Yashoda,Cardiology,Sunday,13,44,3,5,No,48.06
AIIMS,Cardiology,Sunday,8,40,5,7,No,51.67
Apollo,Orthopedics,Wednesday,9,93,7,2,No,62.48
AIIMS,Dermatology,Friday,14,8,5,5,No,19.11
Yashoda,General,Friday,18,85,6,0,No,58.56
Care,Dermatology,Tuesday,18,46,6,6,No,53.32
Care,Dermatology,Wednesday,16,74,4,3,No,58.61
Care,Orthopedics,Saturday,17,34,5,1,No,35.21
Care,Orthopedics,Thursday,10,13,9,0,No,5.0
Care,Dermatology,Wednesday,8,89,4,7,No,66.6
Apollo,Dermatology,Tuesday,18,67,2,1,No,55.96
AIIMS,Cardiology,Tuesday,15,92,10,6,No,52.7
Apollo,Dermatology,Sunday,14,62,8,2,No,37.67
Care,Neurology,Thursday,12,45,7,4,No,35.59
Apollo,Neurology,Friday,11,45,2,8,No,64.13
Yashoda,Orthopedics,Friday,13,45,7,7,No,40.01
AIIMS,Neurology,Sunday,11,85,10,8,No,71.28
Apollo,Dermatology,Monday,13,63,5,6,No,58.82
Apollo,Cardiology,Tuesday,13,59,4,3,No,49.2
AIIMS,Neurology,Thursday,9,37,1,0,No,48.87
AIIMS,Cardiology,Monday,15,78,7,1,No,48.0
AIIMS,General,Sunday,9,3,5,3,Yes,32.64
Care,Dermatology,Monday,18,14,6,7,No,34.33
Apollo,Dermatology,Thursday,9,72,9,5,No,38.46
Apollo,Cardiology,Thursday,11,69,8,5,Yes,75.01
Apollo,General,Friday,16,12,10,2,No,5.0
AIIMS,Cardiology,Monday,12,68,8,3,No,45.08
Yashoda,Neurology,Sunday,12,40,4,2,No,34.24
Care,Cardiology,Sunday,10,15,6,7,No,36.59
AIIMS,Orthopedics,Tuesday,8,52,1,2,No,53.16
Apollo,General,Monday,11,66,8,7,No,59.2
Apollo,Neurology,Tuesday,17,56,6,4,No,50.9
Yashoda,Orthopedics,Saturday,14,26,4,6,No,43.14
Care,Orthopedics,Wednesday,12,42,3,5,No,51.09
Apollo,Dermatology,Monday,11,18,2,1,No,33.18
Care,Neurology,Saturday,9,99,7,1,No,65.99
AIIMS,Neurology,Sunday,18,88,5,1,No,69.94
Yashoda,Cardiology,Tuesday,16,1,6,6,No,28.03
Care,Orthopedics,Monday,13,5,10,5,No,6.02
AIIMS,Orthopedics,Tuesday,16,11,9,3,No,7.05
Care,General,Thursday,9,32,5,5,No,36.0
AIIMS,General,Monday,10,60,9,6,No,53.0
Care,General,Thursday,17,48,9,8,No,54.33
AIIMS,Orthopedics,Thursday,10,31,7,0,No,16.51
Apollo,General,Wednesday,13,18,1,1,No,22.19
AIIMS,Cardiology,Tuesday,8,53,4,3,No,48.31
AIIMS,Neurology,Sunday,8,93,7,0,No,49.51
AIIMS,Dermatology,Wednesday,9,20,9,8,No,22.35
Yashoda,General,Sunday,12,5,3,3,No,17.42
Apollo,Orthopedics,Sunday,16,93,2,7,No,89.39
Yashoda,Neurology,Wednesday,16,59,5,1,No,46.87
Yashoda,General,Saturday,17,4,6,5,No,30.4
AIIMS,Neurology,Friday,12,93,9,8,No,63.76
AIIMS,Orthopedics,Sunday,14,39,5,2,No,31.94
Care,Neurology,Wednesday,8,38,6,0,No,28.76
Yashoda,Cardiology,Sunday,10,79,6,6,No,72.2
Yashoda,Neurology,Sunday,9,60,2,6,No,77.05
Yashoda,Cardiology,Monday,18,93,6,8,No,101.56
Apollo,Neurology,Thursday,8,3,4,6,No,13.79
Apollo,Orthopedics,Thursday,8,57,8,8,No,57.56
AIIMS,Neurology,Thursday,8,28,7,1,No,8.31
Apollo,Orthopedics,Tuesday,18,8,10,7,No,10.03
Yashoda,Neurology,Sunday,14,38,2,0,No,43.73
Apollo,Orthopedics,Friday,18,73,7,8,No,66.02
AIIMS,General,Monday,17,80,3,7,No,91.43
Care,Neurology,Monday,8,95,6,4,No,71.1
AIIMS,Dermatology,Friday,9,38,8,5,No,31.5
Yashoda,Orthopedics,Sunday,10,45,2,5,No,57.43
Apollo,Orthopedics,Sunday,10,41,3,7,Yes,74.76
Care,Dermatology,Sunday,17,89,7,3,No,65.37
AIIMS,Cardiology,Thursday,12,100,5,8,No,86.44
Care,Cardiology,Thursday,17,39,1,2,No,56.04
Yashoda,General,Saturday,18,16,8,4,Yes,33.27
Care,Cardiology,Saturday,12,99,1,1,No,84.88
Yashoda,Orthopedics,Wednesday,10,97,2,0,No,84.34
Care,Neurology,Monday,18,62,9,3,No,50.66
Yashoda,Cardiology,Thursday,12,55,10,8,Yes,62.83
Yashoda,Orthopedics,Thursday,13,87,4,2,No,71.38
AIIMS,Dermatology,Monday,14,78,8,4,Yes,73.15
Apollo,General,Wednesday,9,87,3,2,No,63.53
Yashoda,Dermatology,Sunday,17,98,1,2,No,85.84
Yashoda,General,Tuesday,10,15,6,3,No,21.56
Yashoda,Dermatology,Tuesday,13,81,9,5,No,55.32
Apollo,Cardiology,Monday,8,48,3,3,Yes,65.1
AIIMS,Cardiology,Saturday,9,55,5,1,No,49.21
Apollo,Dermatology,Tuesday,12,81,3,6,No,68.17
Care,Dermatology,Tuesday,17,11,6,4,No,18.4
Yashoda,Orthopedics,Tuesday,18,10,5,4,No,28.3
AIIMS,Dermatology,Friday,10,23,8,5,No,35.99
Apollo,Orthopedics,Thursday,17,29,5,6,No,41.15
Apollo,Dermatology,Saturday,17,43,5,5,No,49.11
AIIMS,Cardiology,Thursday,15,78,7,8,No,72.16
Yashoda,Dermatology,Saturday,12,51,1,6,No,57.38
Care,Dermatology,Wednesday,9,39,2,3,No,38.73
Care,Dermatology,Tuesday,14,12,1,8,No,48.27
AIIMS,Cardiology,Wednesday,13,19,9,6,No,17.23
Yashoda,Dermatology,Wednesday,16,48,9,1,No,14.68
AIIMS,General,Friday,14,83,8,1,No,47.37
Apollo,Orthopedics,Saturday,9,82,3,4,No,70.62
AIIMS,Cardiology,Tuesday,9,24,5,3,No,29.26
AIIMS,General,Wednesday,10,28,4,1,No,36.34
Yashoda,Cardiology,Sunday,10,54,8,0,No,36.5
Yashoda,General,Sunday,14,100,5,5,No,77.06
Care,Dermatology,Wednesday,13,77,1,6,No,77.73
Apollo,Orthopedics,Wednesday,12,57,8,4,No,46.78
Care,Cardiology,Tuesday,16,7,9,6,No,10.54
Yashoda,General,Wednesday,9,41,8,2,No,20.24
AIIMS,Cardiology,Sunday,14,62,3,1,No,52.62
Apollo,Dermatology,Sunday,16,41,1,7,No,52.38
Care,General,Tuesday,16,98,3,8,No,84.38
Yashoda,Neurology,Saturday,12,24,10,2,Yes,26.09
Apollo,Orthopedics,Sunday,12,70,3,6,No,68.64
Yashoda,Dermatology,Saturday,17,22,7,0,No,6.47
Yashoda,General,Tuesday,10,90,6,6,No,75.6
Yashoda,Cardiology,Saturday,9,38,3,1,No,41.08
AIIMS,Orthopedics,Saturday,17,53,7,6,Yes,72.22
Care,Dermatology,Wednesday,10,93,1,2,No,80.49
Yashoda,General,Wednesday,13,14,3,1,No,21.02
Apollo,General,Saturday,10,91,6,7,No,81.26
Apollo,Cardiology,Tuesday,9,3,10,4,No,5.0
AIIMS,Dermatology,Wednesday,10,4,1,1,No,28.69
Apollo,Cardiology,Wednesday,18,62,9,2,No,43.02
Yashoda,Neurology,Sunday,13,31,1,5,No,52.33
Apollo,Dermatology,Tuesday,18,11,8,8,No,21.0
AIIMS,Neurology,Saturday,8,83,2,6,No,91.3
Yashoda,Cardiology,Wednesday,13,68,6,4,No,51.69
Care,Neurology,Sunday,16,25,8,6,No,26.12
Yashoda,General,Wednesday,16,46,10,0,Yes,36.45
Care,Cardiology,Wednesday,11,64,7,4,Yes,63.9
Care,Orthopedics,Friday,17,10,3,4,No,24.11
Yashoda,Orthopedics,Sunday,16,31,3,6,No,51.46
AIIMS,Dermatology,Sunday,17,95,1,4,No,88.71
Apollo,Dermatology,Thursday,13,6,5,3,No,9.56
Yashoda,Cardiology,Wednesday,18,87,1,3,No,80.83
Care,Cardiology,Saturday,16,89,3,1,No,71.65
Yashoda,Cardiology,Saturday,10,41,1,3,No,64.93
Yashoda,Cardiology,Saturday,18,54,2,4,No,72.98
AIIMS,Cardiology,Monday,17,84,9,0,No,56.81
AIIMS,Cardiology,Sunday,9,91,7,8,No,82.95
AIIMS,Cardiology,Monday,8,19,2,3,Yes,58.92
Apollo,General,Monday,13,83,8,5,No,58.75
AIIMS,Neurology,Wednesday,15,44,6,8,No,55.65
Care,General,Thursday,8,17,5,7,No,27.0
Yashoda,Cardiology,Saturday,17,69,4,8,No,82.3
Care,Neurology,Saturday,10,31,8,1,No,24.43
Apollo,Cardiology,Sunday,14,25,3,3,No,47.04
Care,General,Friday,18,14,4,6,No,31.53
Care,General,Saturday,12,6,5,3,No,11.73
Apollo,Neurology,Saturday,16,24,9,7,No,28.44
Yashoda,Orthopedics,Thursday,13,9,7,6,No,18.73
Yashoda,Dermatology,Friday,18,74,2,0,No,49.1
Care,Neurology,Wednesday,13,56,5,8,No,61.33
Yashoda,Orthopedics,Tuesday,9,10,6,0,No,5.0
Care,Dermatology,Friday,8,22,6,8,Yes,39.22
Apollo,Orthopedics,Friday,10,33,4,5,No,45.22
Apollo,Cardiology,Tuesday,17,95,6,1,No,59.04
Yashoda,Neurology,Tuesday,15,29,4,2,No,28.87
Yashoda,Neurology,Monday,18,11,6,3,No,31.97
Care,Cardiology,Tuesday,12,53,7,7,No,53.96
Apollo,Neurology,Thursday,18,92,10,5,No,57.95
Yashoda,Dermatology,Thursday,8,57,2,4,No,53.25
Care,Dermatology,Saturday,11,43,4,4,No,42.77
Apollo,Neurology,Thursday,8,23,2,6,No,40.94
Yashoda,Cardiology,Monday,9,26,7,8,No,44.0
AIIMS,Neurology,Friday,16,3,1,7,No,32.48
Apollo,Orthopedics,Friday,12,39,1,4,No,49.47
Yashoda,Orthopedics,Tuesday,14,91,4,4,No,77.38
Yashoda,Dermatology,Monday,15,20,6,8,No,37.85
Yashoda,Neurology,Thursday,16,36,8,2,No,29.43
AIIMS,Dermatology,Wednesday,8,33,5,4,No,31.76
Care,Orthopedics,Saturday,10,72,1,0,No,65.66
Care,Cardiology,Tuesday,8,87,3,5,No,76.29
AIIMS,General,Saturday,14,93,5,1,Yes,78.21
AIIMS,Neurology,Thursday,18,51,1,7,Yes,90.4
Yashoda,Cardiology,Sunday,10,56,8,0,No,45.27
Yashoda,Dermatology,Thursday,12,64,6,4,No,40.21
Apollo,Dermatology,Saturday,10,85,6,4,No,62.74
Yashoda,Neurology,Monday,16,3,4,8,No,34.24
Apollo,Orthopedics,Sunday,13,74,1,1,No,64.11
Apollo,Neurology,Saturday,10,59,7,4,No,49.14
Yashoda,Dermatology,Sunday,13,16,5,0,No,5.87
AIIMS,General,Wednesday,13,76,8,1,No,38.15
AIIMS,Dermatology,Thursday,11,85,1,4,Yes,93.77
Apollo,General,Wednesday,17,69,5,2,No,50.01
Apollo,General,Monday,13,29,5,1,No,28.16
Care,Orthopedics,Tuesday,11,43,1,6,No,68.41
Care,Dermatology,Monday,12,2,5,2,No,9.99
Yashoda,Neurology,Monday,12,85,6,1,No,62.59
Care,Dermatology,Wednesday,17,43,8,0,No,23.99
AIIMS,General,Sunday,14,25,8,8,No,30.24
AIIMS,Cardiology,Sunday,18,99,8,0,No,69.15
Care,General,Saturday,11,10,10,1,No,9.84
Apollo,Orthopedics,Wednesday,8,48,2,8,No,61.71
Care,Neurology,Sunday,10,79,6,0,No,60.56
Apollo,Dermatology,Thursday,18,98,10,2,No,46.49
Apollo,Orthopedics,Monday,11,42,9,7,No,50.78
AIIMS,Cardiology,Tuesday,15,31,2,0,No,39.3
Care,Dermatology,Thursday,9,51,7,3,No,33.92
AIIMS,Cardiology,Saturday,13,47,7,3,No,45.44
AIIMS,Cardiology,Monday,17,43,4,6,No,70.45
Apollo,Neurology,Tuesday,15,75,4,1,No,52.54
Apollo,Dermatology,Tuesday,15,42,8,6,No,30.2
Yashoda,General,Thursday,17,54,8,1,No,33.62
Apollo,Neurology,Friday,10,26,1,8,No,59.11
Apollo,Neurology,Monday,11,28,3,1,No,41.43
Yashoda,Cardiology,Wednesday,11,33,1,5,No,60.45
Apollo,Orthopedics,Sunday,11,93,1,4,No,88.01
Apollo,Dermatology,Monday,16,74,9,4,No,45.45
Yashoda,Dermatology,Saturday,16,31,1,8,No,65.24
AIIMS,Dermatology,Monday,9,28,7,1,No,15.4
Apollo,Neurology,Friday,13,86,4,0,No,61.07
Yashoda,General,Friday,12,47,3,8,No,58.15
AIIMS,General,Tuesday,17,90,10,3,No,56.12
Apollo,Orthopedics,Thursday,10,38,6,0,No,25.14
Apollo,Orthopedics,Wednesday,13,83,10,2,Yes,50.97
AIIMS,Neurology,Friday,17,17,2,8,No,56.14
Care,Cardiology,Friday,11,27,2,8,No,61.71
AIIMS,Dermatology,Tuesday,8,34,6,1,No,20.62
Yashoda,Cardiology,Tuesday,8,67,4,1,Yes,66.16
AIIMS,General,Tuesday,11,13,6,3,No,18.75
Care,Dermatology,Monday,15,100,8,4,No,68.57
Yashoda,Neurology,Sunday,8,90,2,5,Yes,94.62
Yashoda,Cardiology,Wednesday,15,46,8,3,No,33.9
Yashoda,Cardiology,Thursday,15,62,1,5,No,81.25
Apollo,Orthopedics,Friday,12,10,8,8,No,18.49
AIIMS,General,Saturday,11,94,4,7,No,89.32
Care,Orthopedics,Wednesday,13,26,7,3,No,18.22
AIIMS,Dermatology,Wednesday,12,25,4,6,No,34.95
Care,Cardiology,Friday,10,97,3,4,Yes,103.23
AIIMS,General,Friday,12,100,7,4,No,76.59
Yashoda,Orthopedics,Thursday,8,13,8,6,No,13.61
Yashoda,Neurology,Friday,14,93,7,4,No,60.86
Yashoda,General,Monday,9,56,8,1,No,34.41
AIIMS,Orthopedics,Monday,10,90,4,6,No,85.58
Care,Orthopedics,Sunday,15,77,1,1,No,73.29
Apollo,Dermatology,Friday,14,22,4,5,No,19.03
AIIMS,Dermatology,Monday,17,1,10,6,Yes,23.4
Apollo,Orthopedics,Tuesday,13,88,5,0,No,56.29
AIIMS,Cardiology,Friday,14,90,7,8,No,77.99
Apollo,General,Saturday,11,15,3,2,No,22.57
Apollo,Dermatology,Sunday,17,4,10,0,No,5.0
AIIMS,Cardiology,Wednesday,18,34,3,1,No,33.96
Apollo,Neurology,Friday,9,38,4,7,No,50.55
Apollo,Dermatology,Tuesday,17,84,4,5,No,74.61
Care,Dermatology,Monday,13,73,10,2,No,41.3
Yashoda,Neurology,Friday,17,8,1,2,No,30.61
Apollo,Dermatology,Tuesday,13,55,8,3,No,38.48
Apollo,Orthopedics,Sunday,18,41,2,5,No,65.16
Yashoda,General,Sunday,9,67,10,6,No,45.76
Apollo,Cardiology,Wednesday,13,27,5,3,No,28.4
AIIMS,Neurology,Wednesday,8,15,9,7,No,21.35
AIIMS,Dermatology,Sunday,17,10,3,3,No,26.94
Apollo,Cardiology,Saturday,9,99,3,0,No,80.7
Yashoda,Orthopedics,Wednesday,16,85,4,5,No,67.15
Apollo,Neurology,Tuesday,12,19,6,1,No,16.94
Apollo,Dermatology,Friday,16,47,9,3,No,21.29
Yashoda,Dermatology,Wednesday,17,33,6,8,No,39.27
AIIMS,Orthopedics,Tuesday,13,92,5,3,No,66.7
Apollo,General,Monday,17,94,8,1,No,61.01
Yashoda,General,Tuesday,17,93,8,0,No,55.47
Apollo,Cardiology,Saturday,8,83,9,6,No,60.37
Yashoda,Dermatology,Tuesday,18,6,6,1,No,8.4
Care,Cardiology,Sunday,13,17,1,1,No,28.5
Yashoda,Orthopedics,Monday,8,49,5,7,No,54.55
Care,Dermatology,Saturday,10,65,3,7,No,78.18
Apollo,Dermatology,Saturday,9,11,3,7,No,31.14
Care,Cardiology,Monday,12,60,2,1,No,64.85
AIIMS,Orthopedics,Sunday,14,30,4,6,No,34.29
AIIMS,Cardiology,Thursday,10,37,4,0,No,45.41
Apollo,Cardiology,Sunday,18,39,6,8,No,60.12
Apollo,General,Saturday,17,39,9,6,No,32.76
Apollo,Orthopedics,Tuesday,8,97,10,8,No,60.88
Yashoda,Dermatology,Tuesday,16,82,7,4,No,51.25
Yashoda,Neurology,Thursday,17,72,3,7,Yes,89.5
Apollo,General,Thursday,16,65,9,4,No,27.19
AIIMS,General,Friday,10,32,9,3,No,19.73
Apollo,Neurology,Tuesday,11,17,4,5,No,36.92
AIIMS,Neurology,Thursday,9,97,10,0,No,49.32
Yashoda,Orthopedics,Friday,14,64,6,6,No,64.16
Yashoda,Orthopedics,Tuesday,16,15,4,2,No,21.04
Apollo,General,Thursday,13,34,9,2,No,11.77
Apollo,Neurology,Thursday,9,62,4,8,No,76.89
AIIMS,General,Friday,16,96,4,2,No,72.49
Apollo,Cardiology,Tuesday,13,88,1,7,No,97.77
Care,Cardiology,Thursday,15,61,4,3,No,62.25
AIIMS,Dermatology,Monday,18,38,1,5,No,68.94
Care,Cardiology,Thursday,9,62,3,6,No,64.67
AIIMS,Neurology,Wednesday,8,73,2,3,No,74.17
Apollo,Cardiology,Tuesday,10,46,1,3,No,61.05
Yashoda,Dermatology,Sunday,9,82,3,6,No,77.21
Yashoda,Neurology,Sunday,14,96,5,3,No,78.06
Care,Dermatology,Thursday,8,11,2,4,No,27.52
Care,General,Wednesday,11,89,10,7,No,66.03
Apollo,Cardiology,Monday,13,30,2,3,No,46.89
Yashoda,Cardiology,Sunday,18,96,4,2,Yes,90.01
Apollo,Orthopedics,Friday,14,35,4,0,No,28.7
AIIMS,Orthopedics,Thursday,17,89,6,5,No,71.8
Apollo,Orthopedics,Friday,10,25,9,3,No,17.47
Apollo,Neurology,Friday,11,87,3,2,No,82.49
Yashoda,Dermatology,Monday,15,17,9,0,No,5.0
Yashoda,Cardiology,Saturday,8,46,10,8,No,34.55
Care,General,Saturday,10,32,9,6,No,40.23
AIIMS,General,Thursday,14,81,4,8,No,69.97
AIIMS,Orthopedics,Wednesday,14,57,5,2,No,40.85
AIIMS,Cardiology,Thursday,9,48,8,7,No,41.84
Care,Neurology,Friday,17,28,2,0,No,44.53
Care,Cardiology,Tuesday,16,68,2,2,No,57.03
AIIMS,Cardiology,Monday,17,24,10,4,No,33.72
Yashoda,Orthopedics,Monday,18,40,10,7,No,44.64
Apollo,Cardiology,Saturday,16,56,8,0,No,41.52
AIIMS,Cardiology,Tuesday,14,65,9,8,No,45.71
Apollo,Neurology,Sunday,10,34,6,4,No,35.33
Yashoda,Orthopedics,Thursday,18,81,3,3,No,72.68
AIIMS,Dermatology,Saturday,16,31,2,1,No,36.22
AIIMS,Dermatology,Wednesday,10,56,1,3,No,64.95
Yashoda,General,Monday,13,26,8,0,No,13.99
Care,Orthopedics,Tuesday,10,77,9,3,No,43.71
Yashoda,General,Saturday,13,100,1,8,No,95.9
Apollo,General,Monday,14,89,5,7,No,82.35
Care,Dermatology,Thursday,13,44,7,6,No,28.82
Yashoda,General,Monday,14,95,6,4,No,73.9
Yashoda,Neurology,Tuesday,9,30,8,1,No,15.53
Yashoda,Dermatology,Wednesday,15,65,6,4,No,47.11
AIIMS,General,Saturday,9,10,7,1,No,9.7
AIIMS,Cardiology,Friday,15,54,6,8,No,67.49
Care,General,Thursday,16,23,10,7,No,16.03
Yashoda,Neurology,Wednesday,13,68,8,6,Yes,71.92
Care,General,Thursday,14,61,2,2,No,58.42
Apollo,Dermatology,Tuesday,17,17,1,0,No,21.98
AIIMS,General,Thursday,8,48,6,4,No,32.77
AIIMS,General,Sunday,16,29,7,6,No,27.61
Yashoda,Neurology,Sunday,16,6,5,2,No,6.51
Apollo,General,Tuesday,17,46,6,4,No,44.4
AIIMS,Dermatology,Sunday,15,50,3,4,No,47.58
AIIMS,Cardiology,Thursday,13,44,8,2,No,31.79
Yashoda,Cardiology,Friday,8,8,8,6,No,13.88
AIIMS,Cardiology,Saturday,12,33,6,6,Yes,54.28
Yashoda,Orthopedics,Tuesday,16,1,5,8,No,27.59
AIIMS,Orthopedics,Monday,12,42,9,1,No,19.13
AIIMS,Neurology,Tuesday,8,76,7,8,No,60.74
AIIMS,Neurology,Tuesday,9,28,2,3,No,40.9
Apollo,General,Tuesday,9,32,6,2,No,12.74
AIIMS,Orthopedics,Monday,13,95,4,0,No,70.12
Yashoda,Neurology,Thursday,14,65,7,4,No,53.9
Yashoda,Orthopedics,Tuesday,17,63,6,3,No,56.13
AIIMS,General,Wednesday,18,49,4,6,Yes,73.28
Care,Orthopedics,Sunday,12,57,7,6,No,45.34
Apollo,Dermatology,Monday,13,34,2,7,No,52.6
Apollo,Cardiology,Friday,16,100,6,0,No,60.5
Care,General,Tuesday,14,26,7,3,No,11.69
Care,Orthopedics,Friday,14,21,10,5,No,14.38
Yashoda,Orthopedics,Saturday,11,72,1,8,No,82.73
Apollo,Neurology,Tuesday,9,82,10,1,No,41.07
Apollo,Cardiology,Thursday,16,3,10,5,No,5.0
Yashoda,General,Tuesday,13,92,8,4,No,60.55
Care,General,Wednesday,10,69,10,1,Yes,41.43
Yashoda,Dermatology,Friday,9,26,10,4,No,6.12
Apollo,Orthopedics,Sunday,10,26,5,1,No,34.03
Care,Neurology,Thursday,12,82,2,5,No,87.18
Care,Neurology,Tuesday,14,83,3,6,No,86.91
Apollo,Dermatology,Tuesday,13,7,10,4,No,5.0
Care,Dermatology,Sunday,17,15,4,8,No,33.95
Care,Neurology,Friday,9,22,9,8,No,30.82
Care,Orthopedics,Thursday,10,29,8,0,No,12.83
Apollo,Orthopedics,Monday,11,8,8,6,No,23.1
AIIMS,Dermatology,Thursday,15,53,3,7,Yes,64.01
Care,Orthopedics,Wednesday,12,24,4,3,No,17.14
Apollo,Orthopedics,Tuesday,11,42,2,3,No,45.19
AIIMS,Dermatology,Wednesday,13,79,4,0,No,43.78
Apollo,Neurology,Monday,15,72,7,8,No,66.87
Apollo,Neurology,Wednesday,10,93,7,6,No,72.84
AIIMS,Dermatology,Friday,18,79,3,1,No,63.8
Yashoda,General,Saturday,14,62,9,4,No,42.59
Yashoda,Cardiology,Thursday,10,24,6,7,No,42.68
AIIMS,Cardiology,Wednesday,8,45,10,3,No,37.66
Apollo,Orthopedics,Wednesday,8,54,10,0,No,9.74
Yashoda,General,Sunday,15,34,1,5,No,48.93
Apollo,Cardiology,Tuesday,9,25,7,2,No,22.74
Yashoda,Neurology,Tuesday,13,46,8,4,Yes,35.7
AIIMS,Neurology,Monday,13,91,1,2,No,85.59
Apollo,Neurology,Sunday,10,20,1,8,No,58.2
Apollo,Dermatology,Friday,11,72,7,3,Yes,62.34
Apollo,Dermatology,Tuesday,12,72,6,5,No,50.74
Apollo,General,Saturday,15,82,3,8,No,85.15
AIIMS,Neurology,Wednesday,16,46,1,1,No,45.4
AIIMS,General,Friday,15,74,10,1,Yes,42.22
AIIMS,Dermatology,Monday,11,73,6,6,No,70.51
Apollo,Dermatology,Monday,12,2,4,5,Yes,27.31
Apollo,Cardiology,Saturday,12,64,1,6,No,83.92
AIIMS,General,Wednesday,8,17,6,2,No,11.81
AIIMS,Orthopedics,Wednesday,8,8,9,0,Yes,10.96
Yashoda,Neurology,Monday,18,95,2,0,No,81.97
Care,Cardiology,Monday,8,19,6,0,No,24.62
Care,Dermatology,Tuesday,15,56,10,4,No,30.43
Care,Dermatology,Wednesday,15,1,1,4,Yes,34.78
Yashoda,Orthopedics,Saturday,9,3,1,8,No,48.06
Apollo,General,Tuesday,14,29,3,1,No,21.66
AIIMS,Dermatology,Tuesday,15,76,4,2,No,56.53
Care,Orthopedics,Sunday,13,77,4,8,Yes,89.99
Care,Neurology,Saturday,12,9,1,2,No,27.06
Apollo,Dermatology,Wednesday,9,71,10,7,No,41.97
Yashoda,Dermatology,Tuesday,11,62,1,7,No,77.9
AIIMS,Orthopedics,Saturday,8,76,3,6,No,79.77
Yashoda,Dermatology,Thursday,10,30,7,3,No,38.96
AIIMS,General,Thursday,12,10,6,1,No,9.83
Apollo,Cardiology,Tuesday,11,72,4,5,No,68.84
Yashoda,Dermatology,Wednesday,9,12,9,5,No,11.12
Care,Neurology,Wednesday,13,13,10,4,No,9.0
Care,Dermatology,Monday,11,81,1,0,No,75.74
Apollo,General,Monday,8,16,7,2,No,5.41
Apollo,General,Tuesday,13,19,10,6,Yes,21.4
Yashoda,Neurology,Wednesday,14,18,7,6,No,22.39
Care,General,Thursday,12,54,2,2,No,46.57
AIIMS,General,Monday,11,11,1,1,No,35.91
Apollo,General,Wednesday,8,10,2,3,No,16.12
Care,Orthopedics,Thursday,13,24,5,0,No,8.07
Yashoda,Neurology,Thursday,9,3,2,8,No,37.55
Yashoda,Neurology,Monday,15,34,1,8,No,72.93
Apollo,Cardiology,Monday,9,94,9,8,No,80.67
AIIMS,Cardiology,Thursday,8,20,8,7,No,29.2
Apollo,Cardiology,Monday,18,44,8,6,No,42.33
Apollo,Neurology,Sunday,12,10,9,7,No,21.23
Care,Orthopedics,Tuesday,15,3,1,2,No,17.58
AIIMS,Orthopedics,Thursday,17,81,3,8,No,86.47
Care,Cardiology,Tuesday,10,11,7,4,No,18.43
Apollo,Orthopedics,Sunday,16,33,4,8,No,42.2
Apollo,General,Wednesday,10,50,3,3,No,59.92
Care,Dermatology,Tuesday,15,87,4,1,No,50.65
AIIMS,General,Wednesday,15,34,6,6,No,36.87
AIIMS,Orthopedics,Monday,17,53,1,7,No,80.16
Yashoda,Dermatology,Wednesday,14,2,7,8,No,19.44
Apollo,Cardiology,Monday,17,49,10,5,No,37.84
Care,Neurology,Thursday,18,95,6,3,No,74.89
AIIMS,Dermatology,Tuesday,18,65,1,2,Yes,81.27
Care,Dermatology,Monday,8,70,5,5,No,63.95
AIIMS,Orthopedics,Thursday,17,5,9,7,No,19.39
Yashoda,Neurology,Thursday,15,11,8,5,No,13.51
Care,General,Thursday,11,62,3,3,No,63.46
Care,General,Saturday,11,87,5,3,No,74.82
AIIMS,General,Wednesday,13,68,1,7,Yes,91.89
Yashoda,Dermatology,Thursday,9,56,10,8,No,44.62
Apollo,Orthopedics,Sunday,11,45,4,3,No,49.88
Apollo,Dermatology,Tuesday,8,5,9,3,No,5.0
Apollo,Dermatology,Friday,16,27,4,8,No,35.22
Yashoda,Dermatology,Monday,8,4,2,8,No,32.65
Apollo,Neurology,Monday,8,8,8,2,No,7.59
AIIMS,Cardiology,Wednesday,16,76,1,7,No,83.17
AIIMS,Cardiology,Saturday,18,82,5,4,No,83.15
AIIMS,Cardiology,Thursday,15,44,9,7,Yes,53.47
AIIMS,Orthopedics,Tuesday,12,35,8,0,No,18.85
Yashoda,General,Saturday,10,68,4,6,No,73.96
Yashoda,Neurology,Thursday,14,37,2,5,No,51.17
Yashoda,Cardiology,Wednesday,12,86,10,3,No,50.46
Care,Dermatology,Sunday,15,3,6,6,No,16.16
AIIMS,Orthopedics,Tuesday,13,96,7,6,Yes,91.64
AIIMS,Neurology,Sunday,16,92,7,7,No,77.34
Apollo,Orthopedics,Thursday,14,87,9,0,No,41.56
Yashoda,Orthopedics,Friday,9,94,2,3,No,76.09
Yashoda,Neurology,Monday,8,48,1,1,No,58.77
Care,Cardiology,Friday,14,82,2,2,No,74.5
AIIMS,Orthopedics,Sunday,12,23,2,2,No,37.52
Yashoda,Neurology,Tuesday,9,25,9,4,No,9.87
Yashoda,General,Thursday,11,30,1,7,No,61.25
Care,Dermatology,Wednesday,13,53,8,5,Yes,50.41
Care,Cardiology,Sunday,11,82,8,7,No,77.0
Apollo,Cardiology,Tuesday,16,100,2,2,No,79.39
AIIMS,Orthopedics,Wednesday,9,83,5,2,No,65.76
Apollo,Dermatology,Friday,16,63,5,5,Yes,55.11
Care,Neurology,Wednesday,9,49,8,7,No,45.61
Apollo,Cardiology,Tuesday,16,47,1,2,Yes,65.02
Apollo,Cardiology,Thursday,15,29,3,1,No,34.06
AIIMS,Neurology,Saturday,8,51,2,2,No,65.26
Apollo,Cardiology,Friday,12,33,6,5,No,41.97
Care,Dermatology,Thursday,12,36,2,7,Yes,65.31
AIIMS,Cardiology,Tuesday,16,46,2,7,No,65.58
Yashoda,Neurology,Tuesday,15,92,7,1,No,62.88
Apollo,Orthopedics,Friday,16,42,5,5,No,45.21
Apollo,Cardiology,Tuesday,16,51,6,5,No,48.23
AIIMS,Dermatology,Tuesday,12,6,7,6,No,11.97
AIIMS,Cardiology,Thursday,17,77,3,8,No,93.69
Apollo,Dermatology,Wednesday,17,9,6,1,No,8.25
Care,General,Tuesday,10,92,10,4,No,51.15
Yashoda,Cardiology,Wednesday,11,22,4,1,No,33.69
Yashoda,Cardiology,Saturday,14,74,3,0,No,62.73
AIIMS,Cardiology,Wednesday,18,58,3,2,No,73.92
Apollo,General,Sunday,12,73,5,0,No,57.85
Apollo,Cardiology,Sunday,14,62,4,3,No,47.1
Care,General,Saturday,13,24,8,8,No,28.18
AIIMS,Orthopedics,Monday,8,44,8,7,No,49.09
Yashoda,Dermatology,Thursday,8,9,2,5,No,24.34
AIIMS,Neurology,Saturday,15,87,2,6,Yes,102.77
Yashoda,Neurology,Sunday,17,39,8,3,Yes,44.62
Yashoda,General,Friday,14,52,7,7,No,51.72
Yashoda,Dermatology,Saturday,18,61,3,5,No,65.18
Care,Cardiology,Sunday,12,58,7,5,No,56.2
Apollo,Cardiology,Thursday,15,96,8,7,No,75.14
AIIMS,General,Saturday,16,52,1,0,No,51.96
Yashoda,Neurology,Saturday,11,58,3,7,No,70.05
Apollo,General,Saturday,14,47,4,3,No,46.48
Apollo,Neurology,Tuesday,9,16,10,4,No,5.0
AIIMS,Neurology,Monday,12,80,9,4,No,60.51
AIIMS,Dermatology,Friday,18,38,10,3,No,23.8
Care,Cardiology,Thursday,13,71,7,0,No,32.23
Care,General,Thursday,17,28,10,3,No,10.15
Apollo,General,Sunday,13,13,10,3,No,5.0
Care,Cardiology,Monday,8,83,2,0,No,69.47
Care,Orthopedics,Saturday,15,42,1,2,No,47.23
Apollo,Cardiology,Thursday,9,28,1,0,No,34.29
Apollo,Dermatology,Sunday,10,80,10,5,No,59.03
Apollo,General,Saturday,12,32,4,8,No,51.75
AIIMS,Neurology,Saturday,14,77,5,5,No,69.3
Care,Dermatology,Wednesday,13,29,3,1,Yes,28.24
AIIMS,Dermatology,Thursday,12,63,8,3,No,41.26
Apollo,Orthopedics,Friday,15,99,1,6,No,95.07
Yashoda,Neurology,Friday,13,66,1,5,Yes,83.13
AIIMS,Dermatology,Friday,15,52,3,0,No,39.86
AIIMS,Neurology,Wednesday,17,40,5,5,No,53.03
Apollo,Orthopedics,Friday,15,44,1,0,No,43.71
AIIMS,General,Wednesday,10,95,6,2,No,69.14
Apollo,Dermatology,Friday,13,15,4,7,No,37.12
Apollo,Orthopedics,Sunday,15,42,3,0,Yes,44.68
